# Settings -> AI: the restructured AI settings page (global switch, Provider, Features - src/ai.rs,
# src/web_ai.rs). "Explain with AI" itself (the button text, answer text) is translated elsewhere.
AI || KI || IA || IA || AI
Optional, bring-your-own-key: DENIS can use an AI provider you configure for a growing set of individually-switchable features below. Each call is billed to your own account with the provider you choose — DENIS runs and hosts none of this itself. Only compact, already-processed context (an alert's own summary and reasons, a device's label) is ever sent — never raw traffic, never more than what the feature you enable actually needs. || Optional, mit eigenem API-Schlüssel: DENIS kann einen von Ihnen konfigurierten KI-Anbieter für eine wachsende Zahl einzeln schaltbarer Funktionen unten nutzen. Jeder Aufruf wird über Ihr eigenes Konto beim gewählten Anbieter abgerechnet — DENIS betreibt und hostet nichts davon selbst. Es wird immer nur kompakter, bereits aufbereiteter Kontext gesendet (die eigene Zusammenfassung und Gründe eines Alarms, die Bezeichnung eines Geräts) — nie Rohdatenverkehr, nie mehr als die aktivierte Funktion tatsächlich benötigt. || Facultatif, avec votre propre clé : DENIS peut utiliser un fournisseur d'IA que vous configurez pour un nombre croissant de fonctionnalités activables individuellement ci-dessous. Chaque appel est facturé sur votre propre compte auprès du fournisseur choisi — DENIS n'exécute ni n'héberge rien de tout cela lui-même. Seul un contexte compact, déjà traité, est envoyé (le résumé et les raisons propres d'une alerte, le nom d'un appareil) — jamais le trafic brut, jamais plus que ce dont la fonctionnalité activée a réellement besoin. || Opcional, con su propia clave: DENIS puede usar un proveedor de IA que usted configure para un número creciente de funciones activables individualmente a continuación. Cada llamada se factura a su propia cuenta con el proveedor elegido — DENIS no ejecuta ni aloja nada de esto por sí mismo. Solo se envía contexto compacto y ya procesado (el resumen y las razones propias de una alerta, la etiqueta de un dispositivo) — nunca tráfico bruto, nunca más de lo que la función activada realmente necesita. || Voliteľné, s vlastným kľúčom: DENIS môže použiť AI poskytovateľa, ktorého nastavíte, pre rastúci počet jednotlivo prepínateľných funkcií nižšie. Každé volanie sa účtuje na váš vlastný účet u zvoleného poskytovateľa — DENIS z toho nič sám neprevádzkuje ani nehostuje. Vždy sa posiela len kompaktný, už spracovaný kontext (vlastné zhrnutie a dôvody alertu, označenie zariadenia) — nikdy surová prevádzka, nikdy viac než čo zapnutá funkcia skutočne potrebuje.
Enable AI features || KI-Funktionen aktivieren || Activer les fonctionnalités d'IA || Activar funciones de IA || Zapnúť AI funkcie
The master switch: while off, DENIS never calls any AI provider for any feature below, no matter what is configured or enabled underneath. || Der Hauptschalter: solange er aus ist, ruft DENIS für keine der folgenden Funktionen einen KI-Anbieter auf, unabhängig davon, was darunter konfiguriert oder aktiviert ist. || L'interrupteur principal : tant qu'il est désactivé, DENIS n'appelle jamais aucun fournisseur d'IA pour une fonctionnalité ci-dessous, quoi que soit configuré ou activé en dessous. || El interruptor maestro: mientras esté apagado, DENIS nunca llama a ningún proveedor de IA para ninguna función a continuación, sin importar lo que esté configurado o activado debajo. || Hlavný vypínač: kým je vypnutý, DENIS nikdy nevolá žiadneho AI poskytovateľa pre žiadnu z nižšie uvedených funkcií, bez ohľadu na to, čo je pod ním nastavené alebo zapnuté.
Provider || Anbieter || Fournisseur || Proveedor || Poskytovateľ
Features || Funktionen || Fonctionnalités || Funciones || Funkcie
Each is off by default and only ever calls the provider above for what it says below — nothing runs in the background unless its own description says so. || Jede ist standardmäßig aus und ruft den obigen Anbieter nur für das auf, was unten beschrieben ist — nichts läuft im Hintergrund, sofern die eigene Beschreibung nichts anderes sagt. || Chacune est désactivée par défaut et n'appelle le fournisseur ci-dessus que pour ce qui est décrit ci-dessous — rien ne s'exécute en arrière-plan sauf mention contraire dans sa propre description. || Cada una está desactivada de forma predeterminada y solo llama al proveedor indicado arriba para lo que se describe abajo — nada se ejecuta en segundo plano salvo que su propia descripción lo indique. || Každá je predvolene vypnutá a volá vyššie uvedeného poskytovateľa len na to, čo je popísané nižšie — nič nebeží na pozadí, pokiaľ to jej vlastný popis nehovorí.
Alert explanations || Erklärungen zu Alarmen || Explications des alertes || Explicaciones de alertas || Vysvetlenia alertov
Adds an "Explain with AI" button to alerts and findings: one plain-language summary per click. Never automatic — only called when you click the button, sending only that one alert or finding's own summary, reasons and device label. || Fügt Alarmen und Befunden eine Schaltfläche „Mit KI erklären" hinzu: eine allgemeinverständliche Zusammenfassung pro Klick. Nie automatisch — wird nur beim Klick aufgerufen und sendet nur die eigene Zusammenfassung, die Gründe und die Gerätebezeichnung dieses einen Alarms oder Befunds. || Ajoute un bouton « Expliquer avec l'IA » aux alertes et constats : un résumé en langage clair par clic. Jamais automatique — appelé uniquement lorsque vous cliquez sur le bouton, en envoyant uniquement le résumé, les raisons et le nom de l'appareil propres à cette alerte ou ce constat. || Añade un botón "Explicar con IA" a las alertas y hallazgos: un resumen en lenguaje sencillo por clic. Nunca automático — solo se llama al hacer clic en el botón, enviando únicamente el resumen, las razones y la etiqueta del dispositivo propios de esa alerta o hallazgo. || Pridá k alertom a zisteniam tlačidlo "Vysvetliť pomocou AI": jedno zrozumiteľné zhrnutie na klik. Nikdy automaticky — zavolá sa len po kliknutí na tlačidlo a pošle len vlastné zhrnutie, dôvody a označenie zariadenia daného alertu alebo zistenia.
