# Rules page: the "Exceptions & accepted risks" tab (aggregated rule exceptions, OT/network watch
# allow-lists and accepted risks from Findings, plus the searchable all-devices learned-baseline list).
Rules or exceptions || Regeln oder Ausnahmen || Règles ou exceptions || Reglas o excepciones || Pravidlá alebo výnimky
Exceptions & accepted risks || Ausnahmen und akzeptierte Risiken || Exceptions et risques acceptés || Excepciones y riesgos aceptados || Výnimky a akceptované riziká
Every place a rule, watch or finding has been told to stay quiet — rule exceptions, OT/network watch allow-lists, and accepted risks from Findings — in one list. Removing one here has the exact same effect as removing it from where it was added. || Jede Stelle, an der eine Regel, eine Überwachung oder ein Befund zum Schweigen gebracht wurde — Regelausnahmen, OT-/Netzwerküberwachungs-Positivlisten und akzeptierte Risiken aus den Befunden — in einer Liste. Das Entfernen hier hat genau denselben Effekt wie das Entfernen an der Stelle, an der es hinzugefügt wurde. || Chaque endroit où une règle, une surveillance ou un constat a été mis en sourdine — exceptions de règles, listes d'autorisation des surveillances OT/réseau, et risques acceptés depuis les constats — dans une seule liste. En retirer un ici a exactement le même effet que le retirer de son emplacement d'origine. || Cada lugar donde una regla, una vigilancia o un hallazgo se ha silenciado — excepciones de reglas, listas de permitidos de vigilancias OT/red, y riesgos aceptados desde Hallazgos — en una sola lista. Quitar uno aquí tiene exactamente el mismo efecto que quitarlo de donde se añadió. || Každé miesto, kde bolo pravidlo, sledovanie alebo zistenie stíšené — výnimky pravidiel, zoznamy povolených pre OT/sieťové sledovania a akceptované riziká zo Zistení — v jednom zozname. Odstránenie tu má presne rovnaký účinok ako odstránenie z miesta, kde bolo pridané.
Learned baseline destinations || Gelernte Baseline-Ziele || Destinations de référence apprises || Destinos aprendidos de la línea base || Naučené destinácie základného profilu
Every device's learned traffic baseline, searchable across all devices at once — the same "×" you would find on one device's own panel, without opening each device individually. || Der gelernte Verkehrs-Baseline jedes Geräts, geräteübergreifend durchsuchbar — dieselbe „×"-Schaltfläche wie im eigenen Panel eines Geräts, ohne jedes Gerät einzeln zu öffnen. || La référence de trafic apprise de chaque appareil, consultable sur tous les appareils à la fois — le même « × » que sur le panneau propre à un appareil, sans avoir à ouvrir chacun individuellement. || La línea base de tráfico aprendida de cada dispositivo, buscable en todos los dispositivos a la vez — el mismo «×» que encontraría en el panel propio de un dispositivo, sin abrir cada uno individualmente. || Naučený sieťový základný profil každého zariadenia, prehľadávateľný naprieč všetkými zariadeniami naraz — rovnaké „×“ ako na vlastnom paneli zariadenia, bez nutnosti otvárať každé zariadenie samostatne.
Search by device name, MAC, IP, or destination IP… || Suche nach Gerätename, MAC, IP oder Ziel-IP… || Rechercher par nom d'appareil, MAC, IP ou IP de destination… || Buscar por nombre de dispositivo, MAC, IP o IP de destino… || Hľadať podľa názvu zariadenia, MAC, IP alebo cieľovej IP…
None yet. || Noch keine. || Aucun pour l'instant. || Ninguno todavía. || Zatiaľ žiadne.
Exception on rule: {rule} || Ausnahme für Regel: {rule} || Exception de la règle : {rule} || Excepción de la regla: {rule} || Výnimka pravidla: {rule}
Remove this exception from {rule}? || Diese Ausnahme aus {rule} entfernen? || Retirer cette exception de {rule} ? || ¿Quitar esta excepción de {rule}? || Odstrániť túto výnimku z {rule}?
OT watch allow-list || OT-Überwachungs-Positivliste || Liste d'autorisation de surveillance OT || Lista de permitidos de vigilancia OT || Zoznam povolených pre OT sledovanie
Network watch exception || Netzwerküberwachungs-Ausnahme || Exception de surveillance réseau || Excepción de vigilancia de red || Výnimka sieťového sledovania
{kind}: {name} || {kind}: {name} || {kind}: {name} || {kind}: {name} || {kind}: {name}
Remove this from the watch "{name}"? || Dies aus der Überwachung „{name}“ entfernen? || Retirer ceci de la surveillance « {name} » ? || ¿Quitar esto de la vigilancia «{name}»? || Odstrániť toto zo sledovania „{name}“?
Accepted risk: {device} · {reason} || Akzeptiertes Risiko: {device} · {reason} || Risque accepté : {device} · {reason} || Riesgo aceptado: {device} · {reason} || Akceptované riziko: {device} · {reason}
Withdraw the accepted risk "{title}"? It will count as a finding again. || Akzeptiertes Risiko „{title}“ zurückziehen? Es zählt wieder als Befund. || Retirer le risque accepté « {title} » ? Il comptera à nouveau comme un constat. || ¿Retirar el riesgo aceptado «{title}»? Volverá a contar como un hallazgo. || Stiahnuť akceptované riziko „{title}“? Bude znova počítané ako zistenie.
{n} most recently seen (search to find a specific device or address). || {n} zuletzt gesehen (suchen Sie nach einem bestimmten Gerät oder einer Adresse). || {n} vus le plus récemment (recherchez un appareil ou une adresse en particulier). || {n} vistos más recientemente (busque un dispositivo o dirección concreto). || {n} naposledy videných (vyhľadajte konkrétne zariadenie alebo adresu).
Showing {shown} of {matched} matches — refine your search to narrow it further. || {shown} von {matched} Treffern werden angezeigt — verfeinern Sie Ihre Suche. || Affichage de {shown} sur {matched} correspondances — affinez votre recherche. || Mostrando {shown} de {matched} coincidencias — refine su búsqueda. || Zobrazených {shown} z {matched} zhôd — spresnite vyhľadávanie.
{n} match(es). || {n} Treffer. || {n} correspondance(s). || {n} coincidencia(s). || {n} zhôd.
No matches. || Keine Treffer. || Aucune correspondance. || Sin coincidencias. || Žiadne zhody.
{n} destination(s) || {n} Ziel(e) || {n} destination(s) || {n} destino(s) || {n} destinácií
Search by device, network, rule, watch or finding… || Suche nach Gerät, Netzwerk, Regel, Überwachung oder Befund… || Rechercher par appareil, réseau, règle, surveillance ou constat… || Buscar por dispositivo, red, regla, vigilancia o hallazgo… || Hľadať podľa zariadenia, siete, pravidla, sledovania alebo zistenia…
Exceptions & baseline || Ausnahmen & Baseline || Exceptions et référence || Excepciones y línea base || Výnimky a základný profil
This device's rule exceptions, watch allow-lists, accepted risks and learned baseline destinations, in one place || Die Regelausnahmen, Überwachungs-Positivlisten, akzeptierten Risiken und gelernten Baseline-Ziele dieses Geräts, an einem Ort || Les exceptions de règles, listes d'autorisation de surveillance, risques acceptés et destinations de référence apprises de cet appareil, au même endroit || Las excepciones de reglas, listas de permitidos de vigilancia, riesgos aceptados y destinos de línea base aprendidos de este dispositivo, en un solo lugar || Výnimky pravidiel, zoznamy povolených pre sledovania, akceptované riziká a naučené destinácie základného profilu tohto zariadenia, na jednom mieste
