# Findings page: verify a fix, accept a risk, the accepted-risks list, and what the server says about them.
When DENIS first saw this kind of finding || Wann DENIS diese Art von Befund zum ersten Mal gesehen hat || Quand DENIS a vu ce type de constat pour la première fois || Cuándo vio DENIS por primera vez este tipo de hallazgo || Kedy DENIS prvýkrát videl tento druh zistenia
since {date} || seit {date} || depuis le {date} || desde {date} || od {date}
until withdrawn || bis zum Widerruf || jusqu'au retrait || hasta que se retire || kým sa nezruší
{date} (in {n} days) || {date} (in {n} Tagen) || {date} (dans {n} jours) || {date} (en {n} días) || {date} (o {n} dní)
Verify fix || Behebung prüfen || Vérifier la correction || Verificar la corrección || Overiť opravu
Look again: scan these devices now and see whether the problem is gone || Noch einmal prüfen: diese Geräte jetzt scannen und sehen, ob das Problem weg ist || Revérifier : scanner ces appareils maintenant et voir si le problème a disparu || Comprobar de nuevo: escanear estos dispositivos ahora y ver si el problema ha desaparecido || Skontrolovať znova: teraz oskenovať tieto zariadenia a zistiť, či problém zmizol
Accept risk… || Risiko akzeptieren … || Accepter le risque… || Aceptar el riesgo… || Akceptovať riziko…
Decide to live with this, with a reason and an end date || Entscheiden, damit zu leben, mit Begründung und Enddatum || Décider de vivre avec, avec un motif et une date de fin || Decidir convivir con esto, con un motivo y una fecha de fin || Rozhodnúť sa s tým žiť, s dôvodom a dátumom ukončenia
Fixed || Behoben || Corrigé || Corregido || Opravené
Still present || Weiterhin vorhanden || Toujours présent || Sigue presente || Stále prítomné
Did not answer || Keine Antwort || Sans réponse || Sin respuesta || Neodpovedalo
Excluded from scans || Von Scans ausgeschlossen || Exclu des scans || Excluido de los escaneos || Vylúčené zo skenov
Not scanned || Nicht gescannt || Non scanné || No escaneado || Neskenované
Checking… || Prüfe … || Vérification… || Comprobando… || Kontrolujem…
Fixed: {n} of {total} devices no longer show it. || Behoben: {n} von {total} Geräten zeigen es nicht mehr. || Corrigé : {n} appareils sur {total} ne le montrent plus. || Corregido: {n} de {total} dispositivos ya no lo muestran. || Opravené: {n} z {total} zariadení to už neukazuje.
Nothing left to check: this finding no longer applies to any device. || Nichts mehr zu prüfen: dieser Befund trifft auf kein Gerät mehr zu. || Plus rien à vérifier : ce constat ne concerne plus aucun appareil. || Nada más que comprobar: este hallazgo ya no afecta a ningún dispositivo. || Nie je čo kontrolovať: toto zistenie sa už netýka žiadneho zariadenia.
{fixed} fixed, {still} still present. || {fixed} behoben, {still} weiterhin vorhanden. || {fixed} corrigé(s), {still} toujours présent(s). || {fixed} corregidos, {still} siguen presentes. || {fixed} opravených, {still} stále prítomných.
The devices were scanned again just now. || Die Geräte wurden soeben erneut gescannt. || Les appareils viennent d'être scannés à nouveau. || Los dispositivos se acaban de escanear de nuevo. || Zariadenia boli práve znova oskenované.
Why is this acceptable? e.g. isolated VLAN, replaced in Q4, compensating control… || Warum ist das vertretbar? z. B. isoliertes VLAN, Ersatz im 4. Quartal, kompensierende Maßnahme … || Pourquoi est-ce acceptable ? p. ex. VLAN isolé, remplacement au T4, mesure compensatoire… || ¿Por qué es aceptable? p. ej. VLAN aislada, sustitución en el T4, control compensatorio… || Prečo je to prijateľné? napr. izolovaná VLAN, výmena vo 4. štvrťroku, kompenzačné opatrenie…
30 days || 30 Tage || 30 jours || 30 días || 30 dní
90 days || 90 Tage || 90 jours || 90 días || 90 dní
180 days || 180 Tage || 180 jours || 180 días || 180 dní
1 year || 1 Jahr || 1 an || 1 año || 1 rok
until I withdraw it || bis ich es widerrufe || jusqu'à ce que je le retire || hasta que lo retire || kým to nezrušim
Accept the risk: {title} || Risiko akzeptieren: {title} || Accepter le risque : {title} || Aceptar el riesgo: {title} || Akceptovať riziko: {title}
The finding disappears from the list below for the devices you choose, and shows up under Accepted risks with your name and reason. It comes back by itself when the time is up, or when you withdraw the decision. || Der Befund verschwindet für die gewählten Geräte aus der Liste unten und erscheint unter „Akzeptierte Risiken“ mit Ihrem Namen und der Begründung. Er kehrt von selbst zurück, wenn die Zeit abläuft oder Sie die Entscheidung widerrufen. || Le constat disparaît de la liste ci-dessous pour les appareils choisis et apparaît sous « Risques acceptés » avec votre nom et le motif. Il revient de lui-même à l'échéance, ou si vous retirez la décision. || El hallazgo desaparece de la lista de abajo para los dispositivos elegidos y aparece en «Riesgos aceptados» con su nombre y el motivo. Vuelve solo cuando se acaba el plazo o si retira la decisión. || Zistenie zmizne zo zoznamu nižšie pre vybrané zariadenia a objaví sa v časti „Akceptované riziká“ s vaším menom a dôvodom. Vráti sa samo, keď uplynie čas, alebo keď rozhodnutie zrušíte.
Reason (kept in the audit log and the report) || Begründung (wird im Audit-Protokoll und im Bericht festgehalten) || Motif (conservé dans le journal d'audit et le rapport) || Motivo (se guarda en el registro de auditoría y en el informe) || Dôvod (uchováva sa v auditnom zázname a v reporte)
Accepted for || Akzeptiert für || Accepté pour || Aceptado durante || Akceptované na
Accept risk || Risiko akzeptieren || Accepter le risque || Aceptar el riesgo || Akceptovať riziko
Choose at least one device. || Wählen Sie mindestens ein Gerät. || Choisissez au moins un appareil. || Elija al menos un dispositivo. || Vyberte aspoň jedno zariadenie.
Give a reason: it is what an auditor will read. || Geben Sie eine Begründung an: Sie wird vom Prüfer gelesen. || Indiquez un motif : c'est ce que lira l'auditeur. || Indique un motivo: es lo que leerá el auditor. || Uveďte dôvod: prečíta si ho audítor.
The problem is gone: you can withdraw this decision. || Das Problem ist weg: Sie können diese Entscheidung widerrufen. || Le problème a disparu : vous pouvez retirer cette décision. || El problema ha desaparecido: puede retirar esta decisión. || Problém zmizol: toto rozhodnutie môžete zrušiť.
Verify || Prüfen || Vérifier || Verificar || Overiť
Look again: is it still true? || Noch einmal prüfen: stimmt es noch? || Revérifier : est-ce toujours vrai ? || Comprobar de nuevo: ¿sigue siendo cierto? || Skontrolovať znova: platí to ešte?
Withdraw || Widerrufen || Retirer || Retirar || Zrušiť
Stop accepting this risk: the finding counts again || Dieses Risiko nicht mehr akzeptieren: der Befund zählt wieder || Ne plus accepter ce risque : le constat compte de nouveau || Dejar de aceptar este riesgo: el hallazgo vuelve a contar || Prestať akceptovať toto riziko: zistenie sa opäť počíta
Withdraw the accepted risk "{title}" for {device}? It will count as a finding again. || Akzeptiertes Risiko „{title}“ für {device} widerrufen? Es zählt dann wieder als Befund. || Retirer le risque accepté « {title} » pour {device} ? Il comptera de nouveau comme constat. || ¿Retirar el riesgo aceptado «{title}» para {device}? Volverá a contar como hallazgo. || Zrušiť akceptované riziko „{title}“ pre {device}? Opäť sa bude počítať ako zistenie.
Could not withdraw || Widerrufen nicht möglich || Retrait impossible || No se pudo retirar || Zrušenie sa nepodarilo
Accepted risks || Akzeptierte Risiken || Risques acceptés || Riesgos aceptados || Akceptované riziká
Findings someone decided to live with, and why. They count again when the time is up or when an administrator withdraws the decision. || Befunde, mit denen jemand zu leben beschlossen hat, und warum. Sie zählen wieder, wenn die Zeit abläuft oder ein Administrator die Entscheidung widerruft. || Constats avec lesquels quelqu'un a décidé de vivre, et pourquoi. Ils comptent de nouveau à l'échéance ou quand un administrateur retire la décision. || Hallazgos con los que alguien decidió convivir, y por qué. Vuelven a contar cuando se acaba el plazo o cuando un administrador retira la decisión. || Zistenia, s ktorými sa niekto rozhodol žiť, a prečo. Znova sa počítajú, keď uplynie čas alebo keď správca rozhodnutie zruší.
Finding || Befund || Constat || Hallazgo || Zistenie
Reason || Begründung || Motif || Motivo || Dôvod
Accepted by || Akzeptiert von || Accepté par || Aceptado por || Akceptoval
Until || Bis || Jusqu'au || Hasta || Do
that finding does not apply to device #{n} || dieser Befund trifft auf Gerät #{n} nicht zu || ce constat ne concerne pas l'appareil n°{n} || ese hallazgo no afecta al dispositivo n.º {n} || toto zistenie sa netýka zariadenia č. {n}
the device is no longer in the register || das Gerät ist nicht mehr im Register || l'appareil n'est plus dans le registre || el dispositivo ya no está en el registro || zariadenie už nie je v registri
the register still shows it || das Register zeigt es weiterhin || le registre l'indique toujours || el registro aún lo muestra || register to stále ukazuje
the register no longer shows it || das Register zeigt es nicht mehr || le registre ne l'indique plus || el registro ya no lo muestra || register to už neukazuje
industrial devices are never scanned: check the device itself and update its ports by hand || Industriegeräte werden nie gescannt: Prüfen Sie das Gerät selbst und aktualisieren Sie seine Ports von Hand || les appareils industriels ne sont jamais scannés : vérifiez l'appareil lui-même et mettez ses ports à jour à la main || los dispositivos industriales nunca se escanean: compruebe el propio dispositivo y actualice sus puertos a mano || priemyselné zariadenia sa nikdy neskenujú: skontrolujte zariadenie samotné a porty aktualizujte ručne
no address is known for this device || für dieses Gerät ist keine Adresse bekannt || aucune adresse n'est connue pour cet appareil || no se conoce ninguna dirección de este dispositivo || pre toto zariadenie nie je známa adresa
this DENIS cannot scan (viewer mode or passive-only): run a scan yourself, then verify again || Dieses DENIS kann nicht scannen (Betrachtermodus oder nur passiv): Starten Sie selbst einen Scan und prüfen Sie dann erneut || ce DENIS ne peut pas scanner (mode lecteur ou passif uniquement) : lancez vous-même un scan, puis revérifiez || este DENIS no puede escanear (modo lector o solo pasivo): ejecute usted un escaneo y verifique de nuevo || tento DENIS nemôže skenovať (režim čitateľa alebo len pasívne): spustite sken sami a potom overte znova
scanned just now: the port is still open || soeben gescannt: der Port ist weiterhin offen || scanné à l'instant : le port est toujours ouvert || escaneado ahora: el puerto sigue abierto || práve oskenované: port je stále otvorený
scanned just now: the port is closed || soeben gescannt: der Port ist geschlossen || scanné à l'instant : le port est fermé || escaneado ahora: el puerto está cerrado || práve oskenované: port je zatvorený
this address is excluded from probing (--exclude) || Diese Adresse ist vom Abtasten ausgeschlossen (--exclude) || cette adresse est exclue des sondages (--exclude) || esta dirección está excluida de las sondas (--exclude) || táto adresa je vylúčená zo sondovania (--exclude)
the device did not answer: it may be off, so nothing is confirmed || das Gerät hat nicht geantwortet: Es könnte aus sein, daher ist nichts bestätigt || l'appareil n'a pas répondu : il est peut-être éteint, rien n'est donc confirmé || el dispositivo no respondió: puede estar apagado, así que no se confirma nada || zariadenie neodpovedalo: môže byť vypnuté, takže nič nie je potvrdené
give a reason of 3 to 500 characters: it is what an auditor will read || geben Sie eine Begründung von 3 bis 500 Zeichen an: Der Prüfer liest sie || indiquez un motif de 3 à 500 caractères : c'est ce que lira l'auditeur || indique un motivo de 3 a 500 caracteres: es lo que leerá el auditor || uveďte dôvod s 3 až 500 znakmi: prečíta si ho audítor
unknown finding || unbekannter Befund || constat inconnu || hallazgo desconocido || neznáme zistenie
choose 1 to 500 devices || 1 bis 500 Geräte wählen || choisissez de 1 à 500 appareils || elija de 1 a 500 dispositivos || vyberte 1 až 500 zariadení
the decision can last 1 to 3650 days (or leave it open-ended) || die Entscheidung kann 1 bis 3650 Tage gelten (oder unbefristet bleiben) || la décision peut durer de 1 à 3650 jours (ou rester sans limite) || la decisión puede durar de 1 a 3650 días (o quedar sin límite) || rozhodnutie môže platiť 1 až 3650 dní (alebo bez obmedzenia)
that finding does not apply to any device right now || dieser Befund trifft im Moment auf kein Gerät zu || ce constat ne concerne actuellement aucun appareil || ese hallazgo no afecta ahora a ningún dispositivo || toto zistenie sa momentálne netýka žiadneho zariadenia
no such accepted risk || kein solches akzeptiertes Risiko || aucun risque accepté de ce type || no existe ese riesgo aceptado || také akceptované riziko neexistuje
DENIS keeps watching them: it warns 14 days and 3 days before a decision ends, scans the open-port ones again once a day, and notes in the event log when a problem has gone away. || DENIS behält sie im Blick: Es warnt 14 und 3 Tage bevor eine Entscheidung endet, scannt die mit offenen Ports einmal täglich erneut und vermerkt im Ereignisprotokoll, wenn ein Problem verschwunden ist. || DENIS continue de les surveiller : il prévient 14 jours et 3 jours avant la fin d'une décision, réanalyse une fois par jour celles liées à des ports ouverts, et note dans le journal des événements quand un problème a disparu. || DENIS sigue vigilándolos: avisa 14 y 3 días antes de que termine una decisión, vuelve a escanear una vez al día los de puertos abiertos y anota en el registro de eventos cuándo ha desaparecido un problema. || DENIS ich stále sleduje: upozorní 14 dní a 3 dni pred skončením rozhodnutia, raz denne znova naskenuje tie s otvorenými portmi a do záznamu udalostí zapíše, keď problém zmizol.
