# Settings -> Integrations -> Vulnerability scanner (Nessus) - ui/index.html's vulnscan-box,
# ui/admin.js's loadVulnscanBox/vulnscan-save/vulnscan-sync.
Vulnerability scanner (Nessus) || Schwachstellen-Scanner (Nessus) || Scanner de vulnérabilités (Nessus) || Escáner de vulnerabilidades (Nessus) || Skener zraniteľností (Nessus)
Pulls the most recently completed scans' findings from a Nessus or Tenable.io instance (an API access/secret key pair, generated in the scanner itself) and matches each host to a device here — by IP first, then hostname, both exact. Read-only: nothing is ever written back to the scanner. || Ruft die Ergebnisse der zuletzt abgeschlossenen Scans von einer Nessus- oder Tenable.io-Instanz ab (ein API-Zugriffs-/Geheimschlüsselpaar, im Scanner selbst erzeugt) und ordnet jeden Host hier einem Gerät zu — zuerst nach IP, dann nach Hostname, beides exakt. Nur lesend: Es wird nie etwas an den Scanner zurückgeschrieben. || Récupère les résultats des analyses les plus récemment terminées depuis une instance Nessus ou Tenable.io (une paire de clés d'accès/secrète API, générée dans le scanner lui-même) et associe chaque hôte à un appareil ici — d'abord par IP, puis par nom d'hôte, les deux exacts. Lecture seule : rien n'est jamais réécrit vers le scanner. || Obtiene los resultados de los análisis completados más recientemente desde una instancia de Nessus o Tenable.io (un par de claves de acceso/secreta de API, generado en el propio escáner) y asocia cada host con un dispositivo aquí — primero por IP, luego por nombre de host, ambos exactos. Solo lectura: nunca se escribe nada de vuelta al escáner. || Stiahne výsledky naposledy dokončených skenov z inštancie Nessus alebo Tenable.io (dvojica prístupového/tajného API kľúča, vygenerovaná priamo v skeneri) a spáruje každý hostiteľ so zariadením tu — najprv podľa IP, potom podľa hostname, oboje presne. Iba na čítanie: do skenera sa nikdy nič nezapisuje späť.
Access key || Zugriffsschlüssel || Clé d'accès || Clave de acceso || Prístupový kľúč
Secret key || Geheimschlüssel || Clé secrète || Clave secreta || Tajný kľúč
Imported findings || Importierte Ergebnisse || Résultats importés || Resultados importados || Importované nálezy
https://nessus.example.com:8834 || https://nessus.example.com:8834 || https://nessus.example.com:8834 || https://nessus.example.com:8834 || https://nessus.example.com:8834
An access key and secret key are saved. || Ein Zugriffs- und ein Geheimschlüssel sind gespeichert. || Une clé d'accès et une clé secrète sont enregistrées. || Se han guardado una clave de acceso y una clave secreta. || Prístupový a tajný kľúč sú uložené.
No access/secret key saved yet. || Noch kein Zugriffs-/Geheimschlüssel gespeichert. || Aucune clé d'accès/secrète enregistrée pour l'instant. || Aún no se ha guardado ninguna clave de acceso/secreta. || Zatiaľ nie sú uložené žiadne prístupové/tajné kľúče.
No matching device found by IP or hostname. || Kein passendes Gerät nach IP oder Hostname gefunden. || Aucun appareil correspondant trouvé par IP ou nom d'hôte. || No se encontró ningún dispositivo coincidente por IP o nombre de host. || Nenašlo sa žiadne zodpovedajúce zariadenie podľa IP ani hostname.
Imported {n} finding(s). || {n} Ergebnis(se) importiert. || {n} résultat(s) importé(s). || {n} resultado(s) importado(s). || Importovaných {n} nálezov.
